	SNP	FREQ_index	FREQ_contact	total_reads_contact	variant_reads_contact
0	ORF1ab_6642:C>CT_Leu2146fs_frameshift	0.04805	0.06175	4903.0	301.5
1	ORF1ab_11029:G>T_Leu3606Phe_missense	0.17165000000000002	0.9116	4581.5	4176.5
2	S_21521:C>T_Leu5Phe_missense	0.0759	0.0	1254.0	0.0
3	S_23471:C>T_His655Tyr_missense	0.28965	0.0	3647.0	0.0
4	S_24703:G>T_Val1065Val_synonymous	0.09365	0.0	7716.0	0.0
5	E_26391:T>C_Ser67Ser_synonymous	0.05705	0.0	5261.0	0.0
6	ORF1ab_5479:A>G_Gly1756Gly_synonymous	0.0	0.9899	6913.5	6845.5
7	ORF1ab_11028:TG>T_Leu3606fs_frameshift	0.0	0.0732	4581.5	335.5
8	ORF1ab_11028:T>TT_Leu3606fs_frameshift	0.0	0.08990000000000001	4581.5	412.0
9	ORF1ab_15911:G>GT_Val5236fs_frameshift	0.0	0.044800000000000006	7017.0	313.0
