	SNP	POS_x	rep1_percent	rep2_percent	%
0	ORF1ab_6642:C>CT_Leu2146fs_frameshift	6642.0	0.0391	0.0763	0.0577
3	S_23471:C>T_His655Tyr_missense	23471.0	0.4622	0.45799999999999996	0.46009999999999995
4	E_26391:T>C_Ser67Ser_synonymous	26391.0	0.2903	0.2972	0.29375
