	SNP	POS_x	rep1_percent	rep2_percent	%
0	ORF1ab_6642:C>CT_Leu2146fs_frameshift	6642.0	0.0505	0.0839	0.06720000000000001
1	ORF1ab_10213:T>C_Gly3334Gly_synonymous	10213.0	0.0857	0.0652	0.07544999999999999
3	ORF1ab_12164:A>C_Asn3985His_missense	12164.0	0.0317	0.046	0.038849999999999996
4	S_23471:C>T_His655Tyr_missense	23471.0	0.5669	0.5483	0.5576
5	S_24811:C>T_His1101His_synonymous	24811.0	0.1556	0.1338	0.1447
6	E_26391:T>C_Ser67Ser_synonymous	26391.0	0.4402	0.4965	0.46835
