	SNP	POS_x	rep1_percent	rep2_percent	%
0	ORF1ab_2181:G>A_Cys657Tyr_missense	2181.0	0.0435	0.0336	0.03855
1	ORF1ab_6642:C>CT_Leu2146fs_frameshift	6642.0	0.0569	0.0376	0.04725
2	ORF1ab_9919:G>A_Lys3236Lys_synonymous	9919.0	0.2008	0.1913	0.19605
3	ORF1ab_11029:G>T_Leu3606Phe_missense	11029.0	0.0586	0.0883	0.07345
4	S_23471:C>T_His655Tyr_missense	23471.0	0.3175	0.1912	0.25435
6	E_26391:T>C_Ser67Ser_synonymous	26391.0	0.1584	0.1786	0.1685
7	N_28843:TAGA>T_Arg209del_disruptive-inframe-deletion	28843.0	0.1508	0.1238	0.13729999999999998
