	SNP	POS_x	rep1_percent	rep2_percent	%
1	ORF1ab_1983:C>T_Ala591Val_missense	1983.0	0.1095	0.1177	0.1136
2	ORF1ab_6642:C>CT_Leu2146fs_frameshift	6642.0	0.0485	0.0426	0.04555
3	ORF1ab_19097:C>T_Ala6296Val_missense	19097.0	0.1754	0.1718	0.1736
4	ORF1ab_20367:T>A_As719Glu_missense	20367.0	0.1569	0.2074	0.18215
5	S_23471:C>T_His655Tyr_missense	23471.0	0.5838	0.6021	0.59295
