	SNP	POS_x	rep1_percent	rep2_percent	%
5	ORF1ab_6642:C>CT_Leu2146fs_frameshift	6642.0	0.1482	0.1335	0.14085
13	ORF1ab_15911:G>GT_Val5236fs_frameshift	15911.0	0.1399	0.0853	0.1126
22	S_23471:C>T_His655Tyr_missense	23471.0	0.8692	0.8906	0.8798999999999999
27	E_26391:T>C_Ser67Ser_synonymous	26391.0	0.8711	0.9138	0.89245
