	SNP	POS_x	rep1_percent	rep2_percent	%
6	ORF1ab_6582:C>T_Thr2124Ile_missense	6582.0	0.2436	0.3339	0.28875
27	S_23471:C>T_His655Tyr_missense	23471.0	0.4202	0.5301	0.47515
31	S_24618:CA>C_Arg1039fs_frameshift	24618.0	0.0674	0.0635	0.06545000000000001
35	E_26391:T>C_Ser67Ser_synonymous	26391.0	0.6979	0.3202	0.50905
37	ORF7a_27342:G>GA_Ile3fs_frameshift	27342.0	0.0999	0.0645	0.0822
39	N_28256:C>A_Pro13Thr_missense	28256.0	0.3132	0.2599	0.28654999999999997
