	SNP	POS_x	rep1_percent	rep2_percent	%
0	ORF1ab_6642:C>CT_Leu2146fs_frameshift	6642.0	0.0374	0.069	0.053200000000000004
1	ORF1ab_18348:T>A_Pro6046Pro_synonymous	18348.0	0.0368	0.0393	0.03805
2	ORF1ab_19097:C>T_Ala6296Val_missense	19097.0	0.0691	0.0694	0.06925
3	S_23471:C>T_His655Tyr_missense	23471.0	0.1973	0.2074	0.20235
4	E_26391:T>C_Ser67Ser_synonymous	26391.0	0.0783	0.0809	0.0796
5	ORF10-CHR_END_29701:GAGTGTAC>G__intergenic-region	29701.0	0.0792	0.0558	0.0675
