	SNP	POS_x	rep1_percent	rep2_percent	%
0	ORF1ab_6642:C>CT_Leu2146fs_frameshift	6642.0	0.0433	0.0526	0.04795
1	ORF1ab_11029:G>T_Leu3606Phe_missense	11029.0	0.2305	0.2388	0.23465000000000003
2	S_21521:C>T_Leu5Phe_missense	21521.0	0.0539	0.0438	0.048850000000000005
3	S_23376:C>T_Ala623Val_missense	23376.0	0.0375	0.0341	0.0358
4	S_23471:C>T_His655Tyr_missense	23471.0	0.2517	0.2602	0.25595
5	E_26391:T>C_Ser67Ser_synonymous	26391.0	0.1108	0.1278	0.11929999999999999
