	SNP	POS_x	rep1_percent	rep2_percent	%
0	ORF1ab_6642:C>CT_Leu2146fs_frameshift	6642.0	0.040999999999999995	0.0702	0.0556
2	S_23471:C>T_His655Tyr_missense	23471.0	0.5611	0.5711	0.5661
3	E_26391:T>C_Ser67Ser_synonymous	26391.0	0.4507	0.4398	0.44525000000000003
