	SNP	POS_x	rep1_percent	rep2_percent	%
0	ORF1ab_6642:C>CT_Leu2146fs_frameshift	6642	0.0411	0.055	0.048049999999999995
1	ORF1ab_11029:G>T_Leu3606Phe_missense	11029	0.1773	0.166	0.17165000000000002
2	S_21521:C>T_Leu5Phe_missense	21521	0.0778	0.07400000000000001	0.0759
3	S_23471:C>T_His655Tyr_missense	23471	0.2906	0.2887	0.28965
4	S_24703:G>T_Val1065Val_synonymous	24703	0.0936	0.0937	0.09365000000000001
5	E_26391:T>C_Ser67Ser_synonymous	26391	0.0499	0.0642	0.05705
