	SNP	POS_x	rep1_percent	rep2_percent	%
0	ORF1ab_6642:C>CT_Leu2146fs_frameshift	6642.0	0.0394	0.0576	0.0485
1	ORF1ab_11029:G>T_Leu3606Phe_missense	11029.0	0.2242	0.2604	0.24230000000000002
2	ORF1ab_19929:C>CT_As576fs_frameshift&stop	19929.0	0.0338	0.0309	0.03235
3	S_23376:C>T_Ala623Val_missense	23376.0	0.0971	0.0444	0.07075000000000001
4	S_23471:C>T_His655Tyr_missense	23471.0	0.2199	0.1864	0.20315
5	S_23506:TGGTGCAGGTATATGCGCTAGTTA>T_Gly667fs_frameshift	23506.0	0.0526	0.0573	0.05495
6	E_26391:T>C_Ser67Ser_synonymous	26391.0	0.10800000000000001	0.0906	0.0993
