	SNP	POS_x	rep1_percent	rep2_percent	%
0	ORF1ab_6642:C>CT_Leu2146fs_frameshift	6642.0	0.038	0.0409	0.03945
1	ORF1ab_8828:A>G_Ile2873Val_missense	8828.0	0.0355	0.0346	0.03505
2	ORF1ab_19097:C>T_Ala6296Val_missense	19097.0	0.0512	0.0381	0.04465
3	S_23471:C>T_His655Tyr_missense	23471.0	0.8269	0.8391	0.833
4	E_26284:G>A_Ala32Thr_missense	26284.0	0.0408	0.0529	0.04685
5	E_26391:T>C_Ser67Ser_synonymous	26391.0	0.1459	0.0976	0.12175
