	SNP	POS_x	rep1_percent	rep2_percent	%
0	ORF1ab_1168:T>C_Thr319Thr_synonymous	1168.0	0.0437	0.0506	0.04715
1	ORF1ab_6642:C>CT_Leu2146fs_frameshift	6642.0	0.048	0.0751	0.06155
2	ORF1ab_7858:T>C_Cys2549Cys_synonymous	7858.0	0.0707	0.0488	0.05975
3	ORF1ab_16275:C>T_Tyr5355Tyr_synonymous	16275.0	0.1048	0.0921	0.09845000000000001
4	S_23471:C>T_His655Tyr_missense	23471.0	0.2891	0.2499	0.2695
5	S_23541:C>T_Thr678Ile_missense	23541.0	0.1796	0.1435	0.16155
6	E_26391:T>C_Ser67Ser_synonymous	26391.0	0.2071	0.2699	0.2385
