	SNP	POS_x	rep1_percent	rep2_percent	%
0	ORF1ab_2763:A>C_Lys851Thr_missense	2763.0	0.2634	0.2333	0.24835000000000002
1	ORF1ab_4870:T>C_Phe1553Phe_synonymous	4870.0	0.038	0.0608	0.0494
2	ORF1ab_6642:C>CT_Leu2146fs_frameshift	6642.0	0.0353	0.0763	0.0558
3	ORF1ab_15114:G>A_Leu4968Leu_synonymous	15114.0	0.0703	0.0446	0.05745
4	ORF1ab_19097:C>T_Ala6296Val_missense	19097.0	0.0421	0.0347	0.038400000000000004
5	S_23471:C>T_His655Tyr_missense	23471.0	0.2742	0.3233	0.29874999999999996
6	E_26391:T>C_Ser67Ser_synonymous	26391.0	0.2809	0.2631	0.272
