	SNP	POS_x	rep1_percent	rep2_percent	%
0	ORF1ab_2763:A>C_Lys851Thr_missense	2763.0	0.4555	0.4826	0.46904999999999997
1	ORF1ab_4870:T>C_Phe1553Phe_synonymous	4870.0	0.2071	0.1938	0.20045000000000002
2	ORF1ab_6642:C>CT_Leu2146fs_frameshift	6642.0	0.0387	0.0588	0.04875
3	ORF1ab_11029:G>T_Leu3606Phe_missense	11029.0	0.0342	0.0405	0.03735
5	S_23471:C>T_His655Tyr_missense	23471.0	0.2597	0.2441	0.2519
6	E_26391:T>C_Ser67Ser_synonymous	26391.0	0.2336	0.2182	0.2259
