	SNP	POS_x	rep1_percent	rep2_percent	%
0	ORF1ab_2763:A>C_Lys851Thr_missense	2763.0	0.053	0.0446	0.048799999999999996
1	ORF1ab_4870:T>C_Phe1553Phe_synonymous	4870.0	0.16699999999999998	0.1948	0.1809
2	ORF1ab_6642:C>CT_Leu2146fs_frameshift	6642.0	0.047	0.0693	0.05815
3	ORF1ab_19097:C>T_Ala6296Val_missense	19097.0	0.0302	0.0423	0.03625
4	S_23471:C>T_His655Tyr_missense	23471.0	0.2812	0.2882	0.2847
5	S_23503:CATTGGTGCAGGTATATGCGCTAGTT>C_Gly667fs_frameshift	23503.0	0.0399	0.0385	0.0392
6	E_26279:C>T_Thr30Ile_missense	26279.0	0.0703	0.0683	0.0693
7	E_26391:T>C_Ser67Ser_synonymous	26391.0	0.2253	0.218	0.22165
