	SNP	POS_x	rep1_percent	rep2_percent	%
0	ORF1ab_1982:G>T_Ala591Ser_missense	1982	0.0389	0.0418	0.04035
1	ORF1ab_6642:C>CT_Leu2146fs_frameshift	6642	0.0748	0.0632	0.069
3	ORF1ab_15911:G>GT_Val5236fs_frameshift	15911	0.0887	0.0445	0.06659999999999999
5	S_23471:C>T_His655Tyr_missense	23471	0.9812	0.9801	1.0
6	E_26391:T>C_Ser67Ser_synonymous	26391	0.9918	0.9924	1.0
