	SNP	POS_x	rep1_percent	rep2_percent	%
0	ORF1ab_6642:C>CT_Leu2146fs_frameshift	6642.0	0.0429	0.0522	0.04755
1	S_23471:C>T_His655Tyr_missense	23471.0	0.9590000000000001	0.9499	0.95445
2	E_26391:T>C_Ser67Ser_synonymous	26391.0	0.9859	0.98	1.0
