	SNP	POS_x	rep1_percent	rep2_percent	%
0	ORF1ab_6642:C>CT_Leu2146fs_frameshift	6642.0	0.0492	0.0568	0.053000000000000005
1	ORF1ab_11029:G>T_Leu3606Phe_missense	11029.0	0.1176	0.1213	0.11945
2	ORF1ab_15096:G>T_Gln4962His_missense	15096.0	0.0377	0.0308	0.03425
3	S_23471:C>T_His655Tyr_missense	23471.0	0.9778	0.9803	1.0
4	E_26391:T>C_Ser67Ser_synonymous	26391.0	0.9893	0.9884	1.0
