	SNP	POS_x	rep1_percent	rep2_percent	%
0	ORF1ab_6642:C>CT_Leu2146fs_frameshift	6642.0	0.0421	0.0511	0.0466
1	ORF1ab_9882:C>T_Thr3224Ile_missense	9882.0	0.0694	0.0893	0.07935
2	ORF1ab_11029:G>T_Leu3606Phe_missense	11029.0	0.1901	0.1801	0.1851
3	S_23471:C>T_His655Tyr_missense	23471.0	0.9268	0.9521	0.9394499999999999
4	E_26391:T>C_Ser67Ser_synonymous	26391.0	0.9769	0.9795	1.0
