	SNP	POS_x	rep1_percent	rep2_percent	%
0	ORF1ab_5479:A>G_Gly1756Gly_synonymous	5479	0.9917	0.9945	1.0
1	ORF1ab_6642:C>CT_Leu2146fs_frameshift	6642	0.0707	0.0631	0.0669
2	ORF1ab_11028:TG>T_Leu3606fs_frameshift	11028	0.0801	0.0682	0.07415
3	ORF1ab_11028:T>TT_Leu3606fs_frameshift	11028	0.0851	0.0591	0.0721
4	ORF1ab_11029:G>T_Leu3606Phe_missense	11029	0.9031	0.9199	0.9115
5	ORF1ab_15911:G>GT_Val5236fs_frameshift	15911	0.0656	0.0534	0.059500000000000004
7	S_21837:TAG>T_As11fs_frameshift	21837	0.031	0.0473	0.039150000000000004
