	SNP	POS_x	rep1_percent	rep2_percent	%
0	ORF1ab_5479:A>G_Gly1756Gly_synonymous	5479	0.9885	0.9913	1.0
1	ORF1ab_6642:C>CT_Leu2146fs_frameshift	6642	0.0632	0.0603	0.06175
2	ORF1ab_11028:TG>T_Leu3606fs_frameshift	11028	0.0733	0.0731	0.0732
3	ORF1ab_11028:T>TT_Leu3606fs_frameshift	11028	0.0893	0.0905	0.08990000000000001
4	ORF1ab_11029:G>T_Leu3606Phe_missense	11029	0.9114	0.9118	0.9116
5	ORF1ab_15911:G>GT_Val5236fs_frameshift	15911	0.0483	0.0413	0.044800000000000006
