	SNP	POS_x	rep1_percent	rep2_percent	%
0	ORF1ab_5479:A>G_Gly1756Gly_synonymous	5479.0	0.9967	0.9962	1.0
1	ORF1ab_6642:C>CT_Leu2146fs_frameshift	6642.0	0.0902	0.0764	0.0833
2	ORF1ab_11028:TG>T_Leu3606fs_frameshift	11028.0	0.0707	0.0708	0.07075000000000001
3	ORF1ab_11028:T>TT_Leu3606fs_frameshift	11028.0	0.0857	0.0885	0.0871
4	ORF1ab_11029:G>T_Leu3606Phe_missense	11029.0	0.9229999999999999	0.9208	0.9218999999999999
5	ORF1ab_15911:G>GT_Val5236fs_frameshift	15911.0	0.0603	0.0489	0.054599999999999996
6	ORF1ab_19929:C>CT_As576fs_frameshift&stop	19929.0	0.0434	0.0316	0.037500000000000006
