	SNP	POS_x	rep1_percent	rep2_percent	%
0	ORF1ab_5479:A>G_Gly1756Gly_synonymous	5479	0.9931	0.9917	1.0
1	ORF1ab_6642:C>CT_Leu2146fs_frameshift	6642	0.0745	0.0623	0.0684
2	ORF1ab_11028:TG>T_Leu3606fs_frameshift	11028	0.0783	0.0796	0.07894999999999999
3	ORF1ab_11028:T>TT_Leu3606fs_frameshift	11028	0.0817	0.0757	0.07869999999999999
4	ORF1ab_11029:G>T_Leu3606Phe_missense	11029	0.9115	0.9076	0.90955
5	ORF1ab_15911:G>GT_Val5236fs_frameshift	15911	0.064	0.0404	0.052199999999999996
