	SNP	POS_x	rep1_percent	rep2_percent	%
0	ORF1ab_5479:A>G_Gly1756Gly_synonymous	5479.0	0.9946	0.9943	1.0
1	ORF1ab_6642:C>CT_Leu2146fs_frameshift	6642.0	0.0752	0.0631	0.06915
2	ORF1ab_11028:TG>T_Leu3606fs_frameshift	11028.0	0.0784	0.0798	0.0791
3	ORF1ab_11028:T>TT_Leu3606fs_frameshift	11028.0	0.0787	0.0768	0.07775
4	ORF1ab_11029:G>T_Leu3606Phe_missense	11029.0	0.9122	0.9083	0.91025
5	ORF1ab_15911:G>GT_Val5236fs_frameshift	15911.0	0.0779	0.0424	0.060149999999999995
