	SNP	POS_x	rep1_percent	rep2_percent	%
0	ORF1ab_6642:C>CT_Leu2146fs_frameshift	6642.0	0.0458	0.045	0.045399999999999996
1	S_23471:C>T_His655Tyr_missense	23471.0	0.9552	0.9578	0.9565
2	E_26391:T>C_Ser67Ser_synonymous	26391.0	0.9718	0.9690000000000001	1.0
3	N_29457:G>A_Ser413Asn_missense	29457.0	0.0623	0.0608	0.06155
