	SNP	POS_x	rep1_percent	rep2_percent	%
0	ORF1ab_21415:A>G_Ile7069Val_missense	21415.0	0.1745	0.1858	0.18014999999999998
1	S_23471:C>T_His655Tyr_missense	23471.0	0.8546	0.8513	0.85295
2	E_26391:T>C_Ser67Ser_synonymous	26391.0	0.8499	0.8632	0.8565499999999999
3	N_29457:G>A_Ser413Asn_missense	29457.0	0.0803	0.0797	0.07999999999999999
