	SNP	POS	stock	DPI 1	DPI 2	DPI 3	DPI 4	DPI 5	DPI 6	DPI 7	DPI 8
7	ORF1ab_316:G>T_Val35Val_synonymous	316.0					0.0382				
13	ORF1ab_1983:C>T_Ala591Val_missense	1983.0								0.1136	
11	ORF1ab_2181:G>A_Cys657Tyr_missense	2181.0							0.03855		
10	ORF1ab_6300:C>T_Ser2030Leu_missense	6300.0						0.04235			
0	ORF1ab_6642:C>CT_Leu2146fs_frameshift	6642.0	0.0491	0.0577	0.06765	0.06720000000000001	0.0468		0.04725	0.04555	0.14085
8	ORF1ab_9919:G>A_Lys3236Lys_synonymous	9919.0					0.0356		0.19605		
4	ORF1ab_10213:T>C_Gly3334Gly_synonymous	10213.0				0.07544999999999999		0.192			
12	ORF1ab_11029:G>T_Leu3606Phe_missense	11029.0							0.07345		
5	ORF1ab_12164:A>C_Asn3985His_missense	12164.0				0.03885					
15	ORF1ab_15911:G>GT_Val5236fs_frameshift	15911.0									0.1126
1	ORF1ab_19097:C>T_Ala6296Val_missense	19097.0	0.0938							0.1736	
14	ORF1ab_20367:T>A_As719Glu_missense	20367.0								0.18215	
2	S_23471:C>T_His655Tyr_missense	23471.0		0.4601	0.85485	0.5576	0.6948	0.58595	0.25435	0.59295	0.8798999999999999
6	S_24811:C>T_His1101His_synonymous	24811.0				0.1447					
3	E_26391:T>C_Ser67Ser_synonymous	26391.0		0.29375	0.28365	0.46835	0.1416	0.3623	0.1685		0.89245
9	N_28843:TAGA>T_Arg209del_disruptive-inframe-deletion	28843.0					0.0544		0.13729999999999998		
