	SNP	POS	stock	DPI 1	DPI 2	DPI 3	DPI 4	DPI 5	DPI 6	DPI 7	DPI 8
2	ORF1ab_6582:C>T_Thr2124Ile_missense	6582.0		0.28875							
0	ORF1ab_6642:C>CT_Leu2146fs_frameshift	6642.0	0.0491		0.0532	0.04795	0.0556	0.04805	0.06305	0.0485	0.03945
14	ORF1ab_7835:G>A_Val2542Ile_missense	7835.0							0.0669		
17	ORF1ab_8828:A>G_Ile2873Val_missense	8828.0									0.03505
10	ORF1ab_11029:G>T_Leu3606Phe_missense	11029.0				0.23465000000000005		0.17165000000000002		0.2423	
8	ORF1ab_18348:T>A_Pro6046Pro_synonymous	18348.0			0.03805						
1	ORF1ab_19097:C>T_Ala6296Val_missense	19097.0	0.0938		0.06925						0.04465
15	ORF1ab_19929:C>CT_As576fs_frameshift&stop	19929.0								0.03235	
11	S_21521:C>T_Leu5Phe_missense	21521.0				0.048850000000000005		0.0759			
12	S_23376:C>T_Ala623Val_missense	23376.0				0.0358				0.07075000000000001	
3	S_23471:C>T_His655Tyr_missense	23471.0		0.47515	0.20235	0.25595	0.5661	0.28965	0.13285	0.20315	0.833
16	S_23506:TGGTGCAGGTATATGCGCTAGTTA>T_Gly667fs_frameshift	23506.0								0.05495	
4	S_24618:CA>C_Arg1039fs_frameshift	24618.0		0.06545000000000001							
13	S_24703:G>T_Val1065Val_synonymous	24703.0						0.09365			
18	E_26284:G>A_Ala32Thr_missense	26284.0									0.04685
5	E_26391:T>C_Ser67Ser_synonymous	26391.0		0.50905	0.0796	0.1193	0.44525	0.05705	0.1393	0.0993	0.12175
6	ORF7a_27342:G>GA_Ile3fs_frameshift	27342.0		0.0822							
7	N_28256:C>A_Pro13Thr_missense	28256.0		0.28655							
9	ORF10-CHR_END_29701:GAGTGTAC>G__intergenic-region	29701.0			0.0675						
