	SNP	POS	stock	DPI 1	DPI 2	DPI 3	DPI 4	DPI 5	DPI 7	DPI 8
4	ORF1ab_1168:T>C_Thr319Thr_synonymous	1168.0			0.04715					
8	ORF1ab_2763:A>C_Lys851Thr_missense	2763.0				0.24835		0.46905	0.0488	
9	ORF1ab_4870:T>C_Phe1553Phe_synonymous	4870.0				0.0494		0.20045	0.1809	
0	ORF1ab_6642:C>CT_Leu2146fs_frameshift	6642.0	0.0491	0.0602	0.06155	0.0558	0.0682	0.04875	0.05815	0.08235
5	ORF1ab_7858:T>C_Cys2549Cys_synonymous	7858.0			0.05975					
12	ORF1ab_11029:G>T_Leu3606Phe_missense	11029.0						0.03735		
10	ORF1ab_15114:G>A_Leu4968Leu_synonymous	15114.0				0.05745				
15	ORF1ab_15911:G>GT_Val5236fs_frameshift	15911.0								0.03325
6	ORF1ab_16275:C>T_Tyr5355Tyr_synonymous	16275.0			0.09845					
1	ORF1ab_19097:C>T_Ala6296Val_missense	19097.0	0.0938	0.0935		0.0384			0.03625	
2	S_23471:C>T_His655Tyr_missense	23471.0		0.35985	0.2695	0.29875	0.07944999999999999	0.2519	0.2847	
13	S_23503:CATTGGTGCAGGTATATGCGCTAGTT>C_Gly667fs_frameshift	23503.0							0.0392	
7	S_23541:C>T_Thr678Ile_missense	23541.0			0.16155					
11	S_25174:T>A_Ala1222Ala_synonymous	25174.0					0.8754			0.6749499999999999
14	E_26279:C>T_Thr30Ile_missense	26279.0							0.0693	
3	E_26391:T>C_Ser67Ser_synonymous	26391.0		0.2905	0.2385	0.272	0.0865	0.2259	0.22165	
