	SNP	POS	DPI 3	DPI 4	DPI 5	DPI 6	DPI 7	DPI 8	DPI 9	DPI 10
2	ORF1ab_1982:G>T_Ala591Ser_missense	1982.0	0.04475	0.04035						
0	ORF1ab_6642:C>CT_Leu2146fs_frameshift	6642.0	0.04475	0.069	0.04755	0.0558	0.053000000000000005	0.0466		
8	ORF1ab_9882:C>T_Thr3224Ile_missense	9882.0						0.07935		
6	ORF1ab_11029:G>T_Leu3606Phe_missense	11029.0				0.0578	0.11945	0.1851		
7	ORF1ab_15096:G>T_Gln4962His_missense	15096.0					0.03425			
5	ORF1ab_15911:G>GT_Val5236fs_frameshift	15911.0		0.06659999999999999						
1	ORF1ab_19097:C>T_Ala6296Val_missense	19097.0								
3	S_23471:C>T_His655Tyr_missense	23471.0	1.0	1.0	0.95445	1.0	1.0	0.93945		
4	E_26391:T>C_Ser67Ser_synonymous	26391.0	1.0	1.0	1.0	1.0	1.0	1.0		0.7029000000000001
