	SNP	POS	stock	DPI 3	DPI 4	DPI 5	DPI 6	DPI 7	DPI 8	DPI 9	DPI 10
5	ORF1ab_5479:A>G_Gly1756Gly_synonymous	5479.0					1.0	1.0	1.0	1.0	1.0
0	ORF1ab_6642:C>CT_Leu2146fs_frameshift	6642.0	0.0491				0.06175	0.0833	0.0684	0.06915	0.0669
3	ORF1ab_11028:TG>T_Leu3606fs_frameshift	11028.0				0.0354	0.0732	0.07075000000000001	0.07894999999999999	0.0791	0.07415
6	ORF1ab_11028:T>TT_Leu3606fs_frameshift	11028.0					0.08990000000000001	0.0871	0.07869999999999999	0.07775	0.0721
4	ORF1ab_11029:G>T_Leu3606Phe_missense	11029.0				0.95575	0.9116	0.9219	0.90955	0.91025	0.9115
7	ORF1ab_15911:G>GT_Val5236fs_frameshift	15911.0					0.044800000000000006	0.0546	0.0522	0.06015	0.0595
1	ORF1ab_19097:C>T_Ala6296Val_missense	19097.0	0.0938								
8	ORF1ab_19929:C>CT_As576fs_frameshift&stop	19929.0						0.037500000000000006			
9	S_21837:TAG>T_As11fs_frameshift	21837.0									0.03915
2	E_26391:T>C_Ser67Ser_synonymous	26391.0			0.3344						
