	SNP	POS	stock	DPI 4	DPI 5	DPI 6	DPI 7	DPI 8	DPI 9	DPI 10
0	ORF1ab_6642:C>CT_Leu2146fs_frameshift	6642.0	0.0491		0.0454					
1	ORF1ab_19097:C>T_Ala6296Val_missense	19097.0	0.0938							
5	ORF1ab_21415:A>G_Ile7069Val_missense	21415.0						0.18015		
2	S_23471:C>T_His655Tyr_missense	23471.0			0.9565			0.85295		
3	E_26391:T>C_Ser67Ser_synonymous	26391.0			1.0			0.8565499999999999		
4	N_29457:G>A_Ser413Asn_missense	29457.0			0.06155			0.07999999999999999		
