	SNP	POS	DPI 5 index	DPI 6 contact
6	ORF1ab_5479:A>G_Gly1756Gly_synonymous	5479.0		1.0
0	ORF1ab_6642:C>CT_Leu2146fs_frameshift	6642.0	0.04805	0.06175
7	ORF1ab_11028:TG>T_Leu3606fs_frameshift	11028.0		0.0732
8	ORF1ab_11028:T>TT_Leu3606fs_frameshift	11028.0		0.08990000000000001
1	ORF1ab_11029:G>T_Leu3606Phe_missense	11029.0	0.17165000000000002	0.9116
9	ORF1ab_15911:G>GT_Val5236fs_frameshift	15911.0		0.044800000000000006
2	S_21521:C>T_Leu5Phe_missense	21521.0	0.0759	
3	S_23471:C>T_His655Tyr_missense	23471.0	0.28965	
4	S_24703:G>T_Val1065Val_synonymous	24703.0	0.09365	
5	E_26391:T>C_Ser67Ser_synonymous	26391.0	0.05705	
