	SNP	POS	DPI 4 index	DPI 5 contact
0	ORF1ab_6642:C>CT_Leu2146fs_frameshift	6642.0	0.0682	0.0454
1	S_23471:C>T_His655Tyr_missense	23471.0	0.07944999999999999	0.9565
2	S_25174:T>A_Ala1222Ala_synonymous	25174.0	0.8754	
3	E_26391:T>C_Ser67Ser_synonymous	26391.0	0.0865	1.0
4	N_29457:G>A_Ser413Asn_missense	29457.0		0.06155
