product	piN_1	piS
gene-ORF1ab	0.00286206350878234	0.00498180541359644
gene-S	3.79829219920043e-07	0.0
gene-ORF3a	0.00336908370249475	0.0
gene-E	0.0134677392674181	0.0
gene-M	0.0	0.0
gene-ORF6	0.0	0.0
gene-ORF7a	0.0	0.0
gene-ORF8	0.0	0.0254545454545455
gene-N	0.0089435787393902	0.0072301439547861
gene-ORF10	0.0	0.0
