product	piN_1	piS
gene-ORF1ab	0.00132634128775705	0.0141506054725248
gene-S	0.000739466162312825	0.00477934366495692
gene-ORF3a	0.0	0.0
gene-E	0.0	0.0
gene-M	0.0	0.0
gene-ORF6	0.0	0.0
gene-ORF7a	0.0	0.0
gene-ORF8	0.0	0.0239186764999004
gene-N	0.0	0.006940571357749271
gene-ORF10	0.0	0.0
