product	piN_1	piS
gene-ORF1ab	0.00451703563860683	0.0120142540646349
gene-S	0.0	0.0
gene-ORF3a	0.0	0.0
gene-E	0.0	4.09423565738073e-05
gene-M	0.0	0.0
gene-ORF6	0.0	0.0
gene-ORF7a	0.0	0.0
gene-ORF8	0.0	0.0741579977340612
gene-N	0.0	0.007228109313998891
gene-ORF10	0.0	0.0
