product	piN_1	piS
gene-ORF1ab	0.00260629826985734	0.0136935849261841
gene-S	2.0478625318522197e-07	0.0024172428728898
gene-ORF3a	0.0	0.0
gene-E	0.0	0.0
gene-M	0.00423163466153527	0.0
gene-ORF6	0.0	0.0
gene-ORF7a	0.0	0.0
gene-ORF8	0.0	0.0
gene-N	0.00223493825019749	0.0
gene-ORF10	0.0	0.0
