product	piN_1	piS
gene-ORF1ab	0.0017568220431155698	0.0073529138702499
gene-S	0.0	0.0
gene-ORF3a	0.0	0.0
gene-E	0.0129482071713147	0.0
gene-M	0.0	0.0
gene-ORF6	0.0	0.0
gene-ORF7a	0.0	0.0
gene-ORF8	0.0	0.0251464187845898
gene-N	0.0	0.0
gene-ORF10	0.0	0.0
