product	piN_1	piS
gene-ORF1ab	0.0138724185017705	0.041100537773337005
gene-S	0.00294436309435812	0.0120009420716526
gene-ORF3a	0.00334329184406112	0.0107896186372031
gene-E	0.0	6.15323083076279e-06
gene-M	0.0	0.0
gene-ORF6	0.0	0.0
gene-ORF7a	0.0	0.0
gene-ORF8	0.0	0.0249664801886356
gene-N	0.00224331320103538	0.0207676831774555
gene-ORF10	0.0	0.0
