product	piN_1	piS
gene-ORF1ab	0.0072908991692944404	0.0605193511950826
gene-S	0.00217422843373627	0.0072028485871061905
gene-ORF3a	0.00675691204522994	0.032654755127899
gene-E	0.0	0.10445138261898501
gene-M	0.00434626436781609	0.0
gene-ORF6	0.0	0.0
gene-ORF7a	0.0	0.0
gene-ORF8	0.0	0.0259719438877756
gene-N	0.0	0.0208450704225352
gene-ORF10	0.0	0.0
