product	piN_1	piS
gene-ORF1ab	0.00247012452060181	0.0132579244712094
gene-S	0.0007551822455112911	0.0
gene-ORF3a	0.00682340694962973	0.0
gene-E	0.0129480481588118	0.0
gene-M	0.0	0.0
gene-ORF6	0.0	0.0
gene-ORF7a	0.0	0.0232957786651455
gene-ORF8	0.0	0.0249667994687915
gene-N	0.0	0.0139941438914819
gene-ORF10	0.0	0.0
