product	piN_1	piS
gene-ORF1ab	0.00305816076324123	0.0260620091059185
gene-S	0.00293982995813227	0.00242277571948243
gene-ORF3a	0.00662564636001776	0.0
gene-E	0.0129785853341986	0.0343593414459556
gene-M	0.0	0.0
gene-ORF6	0.0	0.0
gene-ORF7a	0.0	0.0246728971962617
gene-ORF8	0.0	0.0252465483234714
gene-N	0.00426437654341792	0.0069093908817395395
gene-ORF10	0.0	0.0
