product	piN_1	piS
gene-ORF1ab	0.00650822524520708	0.0525668767857712
gene-S	0.0021991787791273603	0.00718575620268976
gene-ORF3a	0.0	0.0
gene-E	0.0	5.05489617243284e-06
gene-M	0.00426010984599525	0.0
gene-ORF6	0.0	0.0
gene-ORF7a	0.00778294238460707	0.04783024755564799
gene-ORF8	0.0	0.0247374104250515
gene-N	0.0066062738427551705	0.0
gene-ORF10	0.0	0.0
