product	piN_1	piS
gene-ORF1ab	0.0100748730457473	0.0503336463455161
gene-S	0.0007416207974203481	0.00485941271439759
gene-ORF3a	0.0	0.0221436331276148
gene-E	0.0	0.0
gene-M	0.0	0.0
gene-ORF6	0.0	0.0
gene-ORF7a	0.00775460968464587	0.0
gene-ORF8	0.0	0.0248727272727273
gene-N	0.0	0.007228109313998891
gene-ORF10	0.0	0.0
