product	piN_1	piS
gene-ORF1ab	0.00252762260406014	0.020256580933396
gene-S	0.0	0.0
gene-ORF3a	0.0	0.0
gene-E	0.0	0.0
gene-M	0.0	0.0
gene-ORF6	0.0	0.0
gene-ORF7a	0.0	0.0
gene-ORF8	0.0	0.0
gene-N	0.0	0.0
gene-ORF10	0.0	0.0
