product	piN_1	piS
gene-ORF1ab	0.00149546041178294	0.0175434754467999
gene-S	0.00149870066906533	0.00243648369498048
gene-ORF3a	0.0034110685694396102	0.0
gene-E	0.0	0.0
gene-M	0.0	0.0
gene-ORF6	0.0	0.0
gene-ORF7a	0.0	0.0
gene-ORF8	0.0	0.0265076209410206
gene-N	0.0	0.0073971878944433
gene-ORF10	0.0	0.0
