product	piN_1	piS
gene-ORF1ab	7.80232883130706e-08	0.0
gene-S	4.97358941129461e-07	0.0
gene-ORF3a	0.0	0.0
gene-E	0.0	0.0
gene-M	0.0	0.0
gene-ORF6	0.0	0.0
gene-ORF7a	0.0	0.0
gene-ORF8	0.0	0.0
gene-N	0.0	2.38973846303948e-06
gene-ORF10	0.0	0.0
