product	piN_1	piS
gene-ORF1ab	0.00220485310268116	0.0142666324015705
gene-S	0.0	0.00246085011185681
gene-ORF3a	0.00343894284349626	0.0108111927642736
gene-E	0.012947215199571	0.0
gene-M	0.00424048247267244	0.0
gene-ORF6	0.0	0.0
gene-ORF7a	0.0	0.0
gene-ORF8	0.0	0.0248493975903614
gene-N	0.0	0.0211230417180074
gene-ORF10	0.0	0.0
