product	piN_1	piS
gene-ORF1ab	3.13223371431202e-08	0.0
gene-S	0.000724790969717326	0.00245261072270607
gene-ORF3a	0.0	0.0
gene-E	0.0	0.0
gene-M	0.0	0.0
gene-ORF6	0.0	0.0
gene-ORF7a	0.0	0.0
gene-ORF8	0.0	0.0
gene-N	0.0	0.0
gene-ORF10	0.0	0.0
