product	piN_1	piS
gene-ORF1ab	0.00607572967586151	0.0472054635776755
gene-S	0.0036578821032663103	0.011784894144138998
gene-ORF3a	0.0	0.0104156333697054
gene-E	0.0368934713313132	0.0
gene-M	0.00413199282601316	0.0
gene-ORF6	0.0	0.0
gene-ORF7a	0.0	0.0
gene-ORF8	0.0	0.0
gene-N	0.00220320484705067	0.00681897105094234
gene-ORF10	0.0	0.0
