product	piN_1	piS
gene-ORF1ab	0.00209221479449654	0.0182267836830671
gene-S	0.000754000676206958	0.0024048136305179603
gene-ORF3a	0.0	0.0110939907550077
gene-E	0.0	0.0
gene-M	0.0	0.0
gene-ORF6	0.0	0.0
gene-ORF7a	0.0	0.0
gene-ORF8	0.0	0.0254222731176639
gene-N	0.0	0.0
gene-ORF10	0.0	0.0
