product	piN_1	piS
gene-ORF1ab	0.00267163477678248	0.0226708275500214
gene-S	0.00143210810407808	0.00241771073842783
gene-ORF3a	0.0035254715318173797	0.0
gene-E	0.0127862195240458	0.0
gene-M	0.0042090647817306205	0.0
gene-ORF6	0.0	0.0
gene-ORF7a	0.0	0.0
gene-ORF8	0.0	0.0257037943696451
gene-N	0.0	0.0
gene-ORF10	0.0	0.0
