product	piN_1	piS
gene-ORF1ab	0.008599666706635709	0.0567687456238276
gene-S	0.0014906612598614198	0.0024427895299326398
gene-ORF3a	0.00336908600381654	0.0108090045981854
gene-E	0.0	0.0
gene-M	0.0	0.0
gene-ORF6	0.0	0.0
gene-ORF7a	0.0	0.0
gene-ORF8	0.0	0.025062656641604
gene-N	0.0	0.0
gene-ORF10	0.0	0.0
