product	piN_1	piS
gene-ORF1ab	0.00122296623449776	0.0037431765227924
gene-S	0.0	0.0
gene-ORF3a	0.0	0.0433209263854425
gene-E	0.0	0.0
gene-M	0.0	0.0
gene-ORF6	0.0	0.0
gene-ORF7a	0.0	0.0
gene-ORF8	0.0	0.0259227951535644
gene-N	0.0	0.0
gene-ORF10	0.0	0.0
