product	piN_1	piS
gene-ORF1ab	0.00340432297394693	0.0145354220933825
gene-S	0.0	0.00244142280695805
gene-ORF3a	0.00685896838344213	0.0108390204737053
gene-E	0.0130691272122221	0.0
gene-M	0.00433988075582838	0.0
gene-ORF6	0.0	0.0
gene-ORF7a	0.0	0.0
gene-ORF8	0.0	0.0251411914738568
gene-N	0.0	0.0
gene-ORF10	0.0	0.0
