product	piN_1	piS
gene-ORF1ab	0.00780152542476213	0.0618300597156681
gene-S	0.0014855516500487198	0.009628909965520129
gene-ORF3a	0.00333305904828375	0.0
gene-E	0.0	0.0353202730794344
gene-M	0.00424076220632721	0.0
gene-ORF6	0.0	0.0
gene-ORF7a	0.0	0.0
gene-ORF8	0.0	0.0251124829967563
gene-N	0.0	0.00697637545584272
gene-ORF10	0.0	0.0
