product	piN_1	piS
gene-ORF1ab	0.00308944079073663	0.00842949216718912
gene-S	0.0007598443635428429	0.0
gene-ORF3a	0.0034483033868405698	0.011207621182403999
gene-E	0.012998000307645	1.90106840044107e-05
gene-M	0.0	0.0
gene-ORF6	0.0	0.0
gene-ORF7a	0.0	0.0
gene-ORF8	0.0	0.0
gene-N	0.0	0.00711654236678947
gene-ORF10	0.0	0.0
