product	piN_1	piS
gene-ORF1ab	0.00610219042081019	0.0206605114844783
gene-S	0.00216943806976883	0.0
gene-ORF3a	0.0166442013994027	0.0
gene-E	0.0	0.0
gene-M	0.00419764388445879	0.0
gene-ORF6	0.0	0.0
gene-ORF7a	0.0	0.0
gene-ORF8	0.0	0.0
gene-N	0.0	0.0
gene-ORF10	0.0	0.0
