product	piN_1	piS
gene-ORF1ab	0.0077235337951968	0.0522576217685093
gene-S	0.00147544324202308	0.00478375759942794
gene-ORF3a	0.0067746403543658	0.0
gene-E	0.0	6.768933977509099e-06
gene-M	0.00859513694296302	0.0
gene-ORF6	0.0	0.0
gene-ORF7a	0.015777485215138002	0.0
gene-ORF8	0.0	0.0729841575053296
gene-N	0.00221942738773397	0.006921797004991679
gene-ORF10	0.0	0.0
