product	piN_1	piS
gene-ORF1ab	0.00292445844386684	0.0133795542113669
gene-S	0.000718416791397517	0.0024246452421624897
gene-ORF3a	0.0	0.0
gene-E	0.0	2.6577778762140698e-05
gene-M	0.0	0.0
gene-ORF6	0.0	0.0
gene-ORF7a	0.0	0.0
gene-ORF8	0.0	0.0252602034849725
gene-N	0.0	0.0
gene-ORF10	0.0	0.0
