product	piN_1	piS
gene-ORF1ab	0.0026531025990357802	0.00906710256313869
gene-S	0.0	0.0024470191891830303
gene-ORF3a	0.0035198873636043703	0.0
gene-E	0.0132	0.0
gene-M	0.0	0.0
gene-ORF6	0.0	0.0
gene-ORF7a	0.0	0.0
gene-ORF8	0.0	0.0
gene-N	0.0	0.0069294836202109895
gene-ORF10	0.0	0.0
