product	piN_1	piS
gene-ORF1ab	0.00584981766474165	0.030006769181439002
gene-S	0.00511623440660595	0.0070860297985916405
gene-ORF3a	0.00998892535190221	0.0105549922425693
gene-E	0.0	0.0345797007271646
gene-M	0.0041489822700157605	0.0
gene-ORF6	0.0	0.0
gene-ORF7a	0.0	0.0240205890763512
gene-ORF8	0.0	0.024830608187609
gene-N	0.0	0.0
gene-ORF10	0.0	0.0
