product	piN_1	piS
gene-ORF1ab	0.0009510386368925699	0.00194932744560505
gene-S	0.000740564212656062	0.0
gene-ORF3a	0.0099956481011172	0.0
gene-E	0.0	6.20198308409119e-06
gene-M	0.0	0.0
gene-ORF6	0.0	0.0
gene-ORF7a	0.0	0.0
gene-ORF8	0.0	0.0253714285714286
gene-N	0.0	0.0
gene-ORF10	0.0	0.0
