product	piN_1	piS
gene-ORF1ab	0.00500842585997753	0.0212145853658092
gene-S	0.0	0.00243819738540715
gene-ORF3a	0.0033842705373894103	0.0
gene-E	0.0	0.0
gene-M	0.0	0.0
gene-ORF6	0.0	0.0
gene-ORF7a	0.0	0.0
gene-ORF8	0.0	0.0251956480244322
gene-N	0.0	0.007114182631231259
gene-ORF10	0.0	0.0
