product	piN_1	piS
gene-ORF1ab	0.00425361599593811	0.0170548753871216
gene-S	2.3209651934911e-07	0.0
gene-ORF3a	0.00337882037076012	0.0
gene-E	0.0	0.0353021976172168
gene-M	0.0	0.0
gene-ORF6	0.0	0.0
gene-ORF7a	0.0	0.0
gene-ORF8	0.0	0.0743852042544543
gene-N	0.0	0.0
gene-ORF10	0.0	0.0
