product	piN_1	piS
gene-ORF1ab	0.0034980576850887303	0.00921398044291878
gene-S	0.0	0.0
gene-ORF3a	0.0	0.0110910186859554
gene-E	0.0	0.0
gene-M	0.0	0.0
gene-ORF6	0.0	0.0
gene-ORF7a	0.0	0.025019305019305
gene-ORF8	0.0	0.0
gene-N	0.0	0.0
gene-ORF10	0.0	0.0
