product	piN_1	piS
gene-ORF1ab	0.0006427017176159441	0.00288088515237245
gene-S	2.9040136372481496e-07	0.0
gene-ORF3a	0.0	0.0
gene-E	0.0	0.0
gene-M	0.0	0.0
gene-ORF6	0.0	0.0
gene-ORF7a	0.0	0.0
gene-ORF8	0.0	0.0
gene-N	0.0	0.0
gene-ORF10	0.0	0.0
