product	piN_1	piS
gene-ORF1ab	0.0061766483731415895	0.0421201409259108
gene-S	0.00223518024202713	0.004857335900652579
gene-ORF3a	0.00329779803277187	0.032457722111214
gene-E	0.0	0.0
gene-M	0.00421732114039806	0.0
gene-ORF6	0.0	0.0
gene-ORF7a	0.0	0.0
gene-ORF8	0.0	0.0252258897289323
gene-N	0.006869037294015629	0.0
gene-ORF10	0.0	0.0
