product	piN_1	piS
gene-ORF1ab	0.00471685764823254	0.04504313665199299
gene-S	1.87107792830657e-07	0.00239276046056701
gene-ORF3a	0.00334085507732363	0.0
gene-E	0.0	6.83338999352601e-06
gene-M	0.00440334654337296	0.0
gene-ORF6	0.0	0.0
gene-ORF7a	0.0	0.0
gene-ORF8	0.0	0.0
gene-N	0.0	0.00698839150522188
gene-ORF10	0.0	0.0
