product	piN_1	piS
gene-ORF1ab	0.00186213061084371	0.00373343758867611
gene-S	3.35797001310427e-07	0.0
gene-ORF3a	0.00330642837631017	0.0
gene-E	0.0380722917185487	0.0358541292661385
gene-M	0.00421842043590344	0.0
gene-ORF6	0.0	0.0
gene-ORF7a	0.0	0.0
gene-ORF8	0.0	0.0247404462116192
gene-N	0.00232612235403583	0.0
gene-ORF10	0.0	0.0
