product	piN_1	piS
gene-ORF1ab	0.00124818533237341	0.0118983230235862
gene-S	0.000738125071192621	0.00248941996514811
gene-ORF3a	0.0034331450859302	0.0
gene-E	0.0	0.0
gene-M	0.0	0.0
gene-ORF6	0.0	0.0
gene-ORF7a	0.0	0.0
gene-ORF8	0.0	0.0265593561368209
gene-N	0.0	0.0
gene-ORF10	0.0	0.0
