product	piN_1	piS
gene-ORF1ab	0.00752095649602037	0.0250875778756388
gene-S	0.000742148231095998	0.0
gene-ORF3a	0.0	0.0
gene-E	0.0	8.91418536602637e-06
gene-M	0.0	0.0
gene-ORF6	0.0	0.0
gene-ORF7a	0.0	0.0
gene-ORF8	0.0	0.0252307692307692
gene-N	0.00224242181556081	0.0
gene-ORF10	0.0	0.0
