product	piN_1	piS
gene-ORF1ab	0.0024307318582834896	0.0112922397999542
gene-S	0.0	0.002385333923455
gene-ORF3a	0.00341467380573526	0.0
gene-E	0.0130408700868522	0.0
gene-M	0.0	0.0
gene-ORF6	0.0	0.0
gene-ORF7a	0.0	0.0
gene-ORF8	0.0	0.0
gene-N	0.0	0.0069957866285078295
gene-ORF10	0.0	0.0
