product	piN_1	piS
gene-ORF1ab	0.009235161453878279	0.0425070532649474
gene-S	0.000746710820002112	0.0024384891121461
gene-ORF3a	0.0	0.0110816670681763
gene-E	0.0	0.0
gene-M	0.0	0.0
gene-ORF6	0.0	0.0
gene-ORF7a	0.0	0.0
gene-ORF8	0.0	0.0741491856264656
gene-N	0.0	0.0
gene-ORF10	0.0	0.0
