product	piN_2	piS
gene-ORF1ab	0.000973809395969412	0.0124434651421122
gene-S	0.000739272849929697	0.0071455184444996
gene-ORF3a	0.0	0.0414809526439102
gene-E	0.0	0.0
gene-M	0.0	0.0
gene-ORF6	0.0	0.0
gene-ORF7a	0.0	0.0
gene-ORF8	0.0	0.0242530498940755
gene-N	0.0	0.0214404432132964
gene-ORF10	0.0	0.0
