product	piN_2	piS
gene-ORF1ab	0.00222546936641275	0.0184799663925146
gene-S	0.000750308277160379	0.0024086885897336
gene-ORF3a	0.00332889744381867	0.0
gene-E	0.0	8.45003774350198e-06
gene-M	0.0	0.0
gene-ORF6	0.0	0.0
gene-ORF7a	0.0	0.0
gene-ORF8	0.0	0.0253960110305907
gene-N	0.0	0.0
gene-ORF10	0.0	0.0
