product	piN_2	piS
gene-ORF1ab	0.00713652043285908	0.0174366523041795
gene-S	0.0	0.0
gene-ORF3a	0.0034404616640825	0.0
gene-E	0.0	0.0
gene-M	0.0	0.0
gene-ORF6	0.0	0.0
gene-ORF7a	0.0	0.0
gene-ORF8	0.0	0.0
gene-N	0.0	0.0
gene-ORF10	0.0	0.0
