product	piN_2	piS
gene-ORF1ab	0.00557402448691343	0.0223222047346802
gene-S	0.00220253837201736	0.00968507030818141
gene-ORF3a	0.00676401768035274	0.0106147474773518
gene-E	0.0129477772982305	0.0
gene-M	0.0	0.0
gene-ORF6	0.0	0.0
gene-ORF7a	0.0	0.0237438541791582
gene-ORF8	0.0	0.0491507381866988
gene-N	0.00229387026889258	0.0068405981546293395
gene-ORF10	0.0	0.0
