product	piN_2	piS
gene-ORF1ab	0.000670056464823791	0.00693155045248366
gene-S	0.00380450984859899	0.00027219531737081
gene-ORF3a	0.0	0.0
gene-E	0.0	0.0
gene-M	0.0	0.0
gene-ORF6	0.0	0.0
gene-ORF7a	0.0	0.0
gene-ORF8	0.0	0.0
gene-N	0.0	0.0
gene-ORF10	0.0	0.0
