product	piN_2	piS
gene-ORF1ab	0.00439842877687111	0.0107556268115101
gene-S	0.0	0.00242828957353163
gene-ORF3a	0.00342508124192475	0.0
gene-E	0.0128545392731144	0.0
gene-M	0.0	0.0
gene-ORF6	0.0	0.0
gene-ORF7a	0.0	0.0
gene-ORF8	0.0	0.073847220617127
gene-N	0.0	0.0072463768115942
gene-ORF10	0.0	0.0
