product	piN_2	piS
gene-ORF1ab	0.00926873174047609	0.0548018636404882
gene-S	0.00441734321034806	0.0
gene-ORF3a	0.0	0.0
gene-E	0.0	0.0334043517394824
gene-M	0.0169495959537236	0.0
gene-ORF6	0.0	0.0573451327433628
gene-ORF7a	0.0	0.0236671332230564
gene-ORF8	0.00766656525707332	0.0513696936392362
gene-N	0.00217737467688915	0.0213557119205104
gene-ORF10	0.0231348391512663	0.0817518248175183
