product	piN_2	piS
gene-ORF1ab	0.00436606367671851	0.030008838753915
gene-S	2.4606922862462696e-07	0.00239336304929833
gene-ORF3a	0.00338153655238097	0.0
gene-E	0.0124938495148497	0.0
gene-M	0.0	0.0
gene-ORF6	0.0	0.0
gene-ORF7a	0.0	0.0
gene-ORF8	0.0	0.0744812252964427
gene-N	0.0022164502164502197	0.006870269980140629
gene-ORF10	0.0	0.0
