product	piN_2	piS
gene-ORF1ab	0.00686074291937769	0.0188436712610544
gene-S	0.00147875100136624	0.0047487075964380105
gene-ORF3a	0.00671334883035245	0.0
gene-E	0.0376747690676192	0.0332235111714056
gene-M	0.00425613210710169	0.0
gene-ORF6	0.0	0.0
gene-ORF7a	0.0	0.0
gene-ORF8	0.0	0.0738480012007805
gene-N	0.0021947395924055103	0.0
gene-ORF10	0.0	0.0
