product	piN_2	piS
gene-ORF1ab	0.0109262150295539	0.091573077017002
gene-S	0.00294140175558135	0.002487065041192
gene-ORF3a	0.00333443276788569	0.0316787959353806
gene-E	0.0	0.0
gene-M	0.0043479958328281896	0.0
gene-ORF6	0.0	0.0
gene-ORF7a	0.0	0.0
gene-ORF8	0.0	0.0247058823529412
gene-N	0.00219862992783201	0.00701244281010818
gene-ORF10	0.0	0.0
