product	piN_2	piS
gene-ORF1ab	0.0046895670579079705	0.0328059622106587
gene-S	0.0007344969877957781	0.00241068424101705
gene-ORF3a	0.00671961250035771	0.0
gene-E	0.0	1.33719932516009e-05
gene-M	0.0	0.0
gene-ORF6	0.0	0.0
gene-ORF7a	0.0	0.0
gene-ORF8	0.0	0.0492695289206917
gene-N	0.00435622307157186	0.00700481186400568
gene-ORF10	0.0	0.0
