product	piN_2	piS
gene-ORF1ab	0.00761561074913908	0.0319900939413909
gene-S	0.00150112156691104	0.0024442082890541897
gene-ORF3a	0.0	0.0110016977928693
gene-E	0.0376252673807267	0.0
gene-M	0.0	0.0
gene-ORF6	0.0	0.0
gene-ORF7a	0.0	0.0
gene-ORF8	0.0	0.025353132922854
gene-N	0.0	0.0
gene-ORF10	0.0	0.0
