product	piN_2	piS
gene-ORF1ab	0.00525534873172305	0.0248731621252954
gene-S	0.000750684752787587	0.00488714907337282
gene-ORF3a	0.0	0.0
gene-E	0.0254813842873544	0.0
gene-M	0.0044120891242003	0.0
gene-ORF6	0.0	0.0
gene-ORF7a	0.0	0.0
gene-ORF8	0.0	0.0
gene-N	0.0	0.0073011205191907905
gene-ORF10	0.0	0.0
