product	piN_2	piS
gene-ORF1ab	0.00783859396481789	0.0608922805220871
gene-S	0.00440800380115576	0.00239798047551792
gene-ORF3a	0.00662875933238879	0.0
gene-E	0.0	0.0342380214964072
gene-M	0.00860894563598957	0.0
gene-ORF6	0.0	0.0
gene-ORF7a	0.0	0.0
gene-ORF8	0.0151374671508287	0.0
gene-N	0.0	0.0069806223095518205
gene-ORF10	0.0477422570632349	0.0
