product	piN_2	piS
gene-ORF1ab	0.00740851978881354	0.0427753970185857
gene-S	0.00221188097167749	0.00961765538366302
gene-ORF3a	0.00328987796504837	0.0
gene-E	0.0254066187348262	0.0339077843117145
gene-M	0.0	0.0
gene-ORF6	0.0	0.0
gene-ORF7a	0.0	0.0241552839683681
gene-ORF8	0.0	0.0253479125248509
gene-N	0.0	0.0
gene-ORF10	0.0	0.0
