product	piN_2	piS
gene-ORF1ab	0.00907776994855771	0.0320503647706849
gene-S	0.0007608216543074519	0.00245519216287809
gene-ORF3a	0.0033377807817561	0.0
gene-E	0.0130989233494928	0.0
gene-M	0.0	0.0
gene-ORF6	0.0	0.0
gene-ORF7a	0.0	0.0
gene-ORF8	0.0	0.0740792410714286
gene-N	0.0	0.0
gene-ORF10	0.0	0.0
