product	piN_2	piS
gene-ORF1ab	0.0	0.000297054930192731
gene-S	0.0	0.0
gene-ORF3a	0.0	0.0
gene-E	0.0	0.0027397260273972603
gene-M	0.0	0.0
gene-ORF6	0.0	0.0
gene-ORF7a	0.0	0.0
gene-ORF8	0.0	0.0
gene-N	0.0	0.0
gene-ORF10	0.0	0.0
