product	piN_2	piS
gene-ORF1ab	0.0163820354413761	0.0610859574471057
gene-S	0.000735178740331245	0.00247730888980328
gene-ORF3a	0.0	0.0107667934511528
gene-E	0.0	0.0356700520188258
gene-M	0.00427209154481881	0.0
gene-ORF6	0.0	0.0
gene-ORF7a	0.0	0.0
gene-ORF8	0.0	0.0248727272727273
gene-N	0.00662210185199682	0.020698725734697
gene-ORF10	0.0	0.0
