product	piN_2	piS
gene-ORF1ab	0.00616931583296499	0.0185154772386043
gene-S	0.0014680537252108	0.00240161154354672
gene-ORF3a	0.0	0.0
gene-E	0.0257169352723773	0.0
gene-M	0.0	0.0
gene-ORF6	0.0149359886201991	0.0
gene-ORF7a	0.0	0.0
gene-ORF8	0.0	0.0
gene-N	0.0	0.0
gene-ORF10	0.0	0.0
