product	piN_2	piS
gene-ORF1ab	0.00669737585410904	0.023813552198233997
gene-S	0.00299001924388968	0.0048383539096094295
gene-ORF3a	0.0067630429277278	0.0
gene-E	0.037913741223671	0.0
gene-M	0.0041463658983895	0.0
gene-ORF6	0.0	0.0
gene-ORF7a	0.0	0.0
gene-ORF8	0.0147036759189797	0.0251928020565553
gene-N	0.0066727617592074705	0.007206918641896221
gene-ORF10	0.0	0.0
