product	piN_2	piS
gene-ORF1ab	0.00755566533900779	0.0241470426242211
gene-S	0.0	1.18444398645931e-06
gene-ORF3a	0.00336341877103424	0.0
gene-E	0.0	0.0
gene-M	0.0	0.0
gene-ORF6	0.0	0.0
gene-ORF7a	0.0	0.0
gene-ORF8	0.0	0.0244656917885264
gene-N	0.0	0.00693945920076574
gene-ORF10	0.0	0.0
