product	piN_2	piS
gene-ORF1ab	0.00837103056389711	0.0506211359803874
gene-S	0.0007508661983821791	0.0145337979106321
gene-ORF3a	0.00665964223535479	0.0212212209293271
gene-E	0.0	0.0342857142857143
gene-M	0.0	0.0
gene-ORF6	0.0	0.0
gene-ORF7a	0.0	0.0
gene-ORF8	0.0	0.0248508946322068
gene-N	0.00688260108049438	0.007077115539272629
gene-ORF10	0.0	0.0
