product	piN_2	piS
gene-ORF1ab	0.0025224964301038	0.0199065343824241
gene-S	0.00146680966468928	0.0
gene-ORF3a	0.0035198873636043703	0.0107321726687336
gene-E	0.0	0.0
gene-M	0.0	0.0
gene-ORF6	0.0147896581945662	0.0
gene-ORF7a	0.0	0.0
gene-ORF8	0.0	0.0254529767040552
gene-N	0.0	0.0
gene-ORF10	0.0	0.0
