product	piN_2	piS
gene-ORF1ab	0.00982619521825395	0.0262307312892726
gene-S	0.00148657897130716	0.007258582336937291
gene-ORF3a	0.0166475622620729	0.010941395807235
gene-E	0.0489479308206799	0.0316865908108887
gene-M	0.0	0.0
gene-ORF6	0.0	0.0
gene-ORF7a	0.0	0.0
gene-ORF8	0.0	0.0
gene-N	0.0	0.0
gene-ORF10	0.0	0.0
