product	piN_2	piS
gene-ORF1ab	0.0138518483402628	0.0842193943861996
gene-S	0.00366677864240916	0.011885532104044999
gene-ORF3a	0.0066178287843549795	0.0419240197066578
gene-E	0.0	0.0
gene-M	0.0127350834869904	0.0
gene-ORF6	0.0	0.0
gene-ORF7a	0.0	0.0
gene-ORF8	0.0	0.0246233766233766
gene-N	0.00220779220779221	0.00698835274542429
gene-ORF10	0.0	0.0
