product	piN_2	piS
gene-ORF1ab	0.00948341232274875	0.0727881727392469
gene-S	0.0044387310657022895	0.00469471319995379
gene-ORF3a	0.006763832036514671	0.0214719979412616
gene-E	0.0	0.0
gene-M	0.0085900210417279	0.0
gene-ORF6	0.0	0.0
gene-ORF7a	0.0	0.0
gene-ORF8	0.0	0.024225423944918997
gene-N	0.0021826857186365897	0.0
gene-ORF10	0.0	0.0
