product	piN_2	piS
gene-ORF1ab	0.00639295383820228	0.0584634479406179
gene-S	0.00221816058039645	0.00238298140961759
gene-ORF3a	0.00666774996340908	0.0
gene-E	0.0378024915278507	7.27909758600688e-06
gene-M	0.0168700199564498	0.0126999603138255
gene-ORF6	0.0	0.0
gene-ORF7a	0.0	0.0243093922651934
gene-ORF8	0.0	0.0
gene-N	0.0023104025876509	0.0
gene-ORF10	0.0	0.0
