product	piN_2	piS
gene-ORF1ab	0.00444394152726616	0.0210095068541728
gene-S	0.00518058670724661	0.004876432651461479
gene-ORF3a	0.00339252584150543	0.0
gene-E	0.0498059814786701	0.0321353319636881
gene-M	0.00416608022519352	0.0
gene-ORF6	0.0	0.0
gene-ORF7a	0.0	0.0
gene-ORF8	0.022602642134654998	0.0253276446998024
gene-N	0.0	0.00725851479620324
gene-ORF10	0.0	0.0
