product	piN_2	piS
gene-ORF1ab	0.0	0.0
gene-S	1.50191494155048e-06	0.0
gene-ORF3a	0.0	0.0
gene-E	0.0	2.17726571713698e-05
gene-M	0.0	0.0
gene-ORF6	0.0	0.0
gene-ORF7a	0.0	0.0
gene-ORF8	0.0	0.0
gene-N	0.0	0.0
gene-ORF10	0.0	0.0
