product	piN_2	piS
gene-ORF1ab	0.00773599989501895	0.0365943552656383
gene-S	0.000731838114363744	0.0
gene-ORF3a	0.00344715375408832	0.0
gene-E	0.0	0.0356795213346915
gene-M	0.0	0.0
gene-ORF6	0.0	0.0
gene-ORF7a	0.0	0.0
gene-ORF8	0.0	0.0255483870967742
gene-N	0.0	0.0
gene-ORF10	0.0	0.0
