product	piN_2	piS
gene-ORF1ab	0.00890386899744371	0.0464340468210463
gene-S	0.00435097002361911	0.0118901441916728
gene-ORF3a	0.00680237359419031	0.0
gene-E	0.0128375078490197	0.0342592567009793
gene-M	0.0	0.0
gene-ORF6	0.0	0.0
gene-ORF7a	0.0	0.0
gene-ORF8	0.0	0.0266129032258065
gene-N	0.00227858133544681	0.0
gene-ORF10	0.0	0.0
