product	piN_2	piS
gene-ORF1ab	0.00789661463670797	0.0606734312295092
gene-S	0.00298440751073342	0.00241133846564497
gene-ORF3a	0.00327263923326738	0.0111540318686625
gene-E	0.0125966471054697	1.4003672373312802e-05
gene-M	0.00422978920376749	0.0
gene-ORF6	0.0	0.0
gene-ORF7a	0.0	0.0
gene-ORF8	0.0	0.0
gene-N	0.0	0.00700081168831169
gene-ORF10	0.0	0.0
