product	piN_2	piS
gene-ORF1ab	0.00893304203983818	0.0472369294987498
gene-S	0.000724826558487701	0.00490104946284365
gene-ORF3a	0.00341261273809938	0.0
gene-E	0.0	7.664969301799459e-06
gene-M	0.0043008849557522105	0.0
gene-ORF6	0.0	0.0
gene-ORF7a	0.0	0.0
gene-ORF8	0.0	0.0737016408249285
gene-N	0.00227311864990529	0.0142670819026325
gene-ORF10	0.0	0.0
