product	piN_2	piS
gene-ORF1ab	0.00357646907278796	0.02211603359253
gene-S	5.05423275988593e-07	0.00249081649591124
gene-ORF3a	0.0	0.010734616427216
gene-E	0.0387252924566358	0.0
gene-M	0.0	0.0
gene-ORF6	0.0	0.0
gene-ORF7a	0.0	0.0
gene-ORF8	0.0	0.0
gene-N	0.0	0.0
gene-ORF10	0.0	0.0
