product	piN_2	piS
gene-ORF1ab	0.00557351984618255	0.0467236365794604
gene-S	0.00442771651846958	0.00727634346940231
gene-ORF3a	0.0	0.0105997210599721
gene-E	0.0	9.00758889364119e-06
gene-M	0.0	0.0
gene-ORF6	0.0	0.0
gene-ORF7a	0.007866995332249441	0.0
gene-ORF8	0.0	0.0
gene-N	0.0	0.0
gene-ORF10	0.0	0.0
