product	piN_2	piS
gene-ORF1ab	0.00805817276593312	0.0342725732621571
gene-S	0.00294779177490245	0.0119339462345182
gene-ORF3a	0.00332337693548941	0.0
gene-E	0.0372274070252779	0.0
gene-M	0.00434543318793793	0.0
gene-ORF6	0.0	0.0
gene-ORF7a	0.0	0.0
gene-ORF8	0.0	0.0249056603773585
gene-N	0.0023104025876509	0.0
gene-ORF10	0.0	0.0
