product	piN_2	piS
gene-ORF1ab	0.0035628203779513603	0.0102875295112512
gene-S	1.8588642538186603e-05	0.0024382315801582603
gene-ORF3a	0.0	0.0
gene-E	0.0	0.00113367973547473
gene-M	0.0	0.0
gene-ORF6	0.0	0.0
gene-ORF7a	0.0	0.0
gene-ORF8	0.0	0.0
gene-N	0.0	0.0
gene-ORF10	0.0	0.0
