product	piN_2	piS
gene-ORF1ab	0.00332709639586972	0.0182413760811703
gene-S	2.61281401506493e-07	0.0024588491468476603
gene-ORF3a	0.00339835052712821	0.0
gene-E	0.0	0.0
gene-M	0.0	0.0
gene-ORF6	0.0	0.0
gene-ORF7a	0.0	0.0
gene-ORF8	0.0	0.0
gene-N	0.00218061113646184	0.0069526591507133705
gene-ORF10	0.0	0.0
