product	piN_2	piS
gene-ORF1ab	0.0110525553604055	0.049806499647577
gene-S	0.00298583796387226	0.0119815628680749
gene-ORF3a	0.006735506559326999	0.0106766622532771
gene-E	0.0125617673158657	0.0
gene-M	0.0	0.0
gene-ORF6	0.0	0.0
gene-ORF7a	0.0	0.0
gene-ORF8	0.0150510900891359	0.0254328290725495
gene-N	0.0	0.0
gene-ORF10	0.0	0.0
