product	piN_2	piS
gene-ORF1ab	0.0	0.00229583114134093
gene-S	0.000744986859259568	0.0
gene-ORF3a	0.0	0.0111831010916837
gene-E	0.0	0.0
gene-M	0.0	0.0
gene-ORF6	0.0	0.0
gene-ORF7a	0.0	0.0
gene-ORF8	0.0	0.0
gene-N	0.0	0.0
gene-ORF10	0.0	0.0
