product	piN_2	piS
gene-ORF1ab	0.0007974486292521059	0.0126667752897228
gene-S	0.0	0.0
gene-ORF3a	0.0	0.0
gene-E	0.0	0.0
gene-M	0.0	0.0
gene-ORF6	0.0	0.0
gene-ORF7a	0.0	0.0
gene-ORF8	0.0	0.0
gene-N	0.0022028228767235103	0.0
gene-ORF10	0.0	0.0
