product	piN_2	piS
gene-ORF1ab	0.00813441145406997	0.0229340808307717
gene-S	2.15778733581641e-07	0.0
gene-ORF3a	0.0	0.010890756302521001
gene-E	0.0	0.0358212111163973
gene-M	0.00422885961752314	0.0
gene-ORF6	0.0	0.0
gene-ORF7a	0.0	0.0
gene-ORF8	0.0	0.0758472296933836
gene-N	0.00226953153908775	0.0207873278451875
gene-ORF10	0.0	0.0
