product	piN_2	piS
gene-ORF1ab	0.00869750970579489	0.032904700510309
gene-S	0.0014788832931806198	0.00477822499646223
gene-ORF3a	0.0032883154810631103	0.0108801657930025
gene-E	0.0	0.034
gene-M	0.0	0.0
gene-ORF6	0.0	0.0
gene-ORF7a	0.0	0.0
gene-ORF8	0.00764034149217232	0.024718699456363
gene-N	0.00218257405161961	0.00700712878032165
gene-ORF10	0.0	0.0
