product	piN_2	piS
gene-ORF1ab	0.007232324333732459	0.0407274274686489
gene-S	0.00505931623004578	0.007174169388143809
gene-ORF3a	0.0137053803077593	0.0
gene-E	0.048814683171823	0.0316586891795123
gene-M	0.0	0.0129837067209776
gene-ORF6	0.0	0.0
gene-ORF7a	0.0	0.0
gene-ORF8	0.0151339224214276	0.0
gene-N	0.0	0.007176441474882459
gene-ORF10	0.0	0.0
